название,производитель,модель,категория,тип_роботизации,типы_объектов,грузоподъемность_кг,макс_скорость_мс,автономность_ч,цена_руб,аренда_мес_руб,габариты,масса_кг,навигация,датчики,интерфейсы,сертификация,описание
AMR Склад-500,РоботиксПром,RS-500,AMR,мобильная платформа,"склад",500,1.5,10,4500000,180000,1200x800x400,320,SLAM+QR,"лидар,ультразвук","REST,MQTT",ТР ТС,Мобильный робот для паллетной транспортировки на складе
AMR Склад-300,РоботиксПром,RS-300,AMR,мобильная платформа,"склад",300,1.8,12,3200000,130000,1000x700x350,240,SLAM,"лидар,камера","REST,OPC UA",ТР ТС,Компактный AMR для коробочной комплектации
AGV Тягач-2Т,ТехноКарго,TG-2000,AGV,тягач,"склад;аэропорт",2000,1.2,8,5100000,200000,1800x900x500,680,магнитная лента,"ультразвук","CAN,Modbus",ГОСТ,Тягач для буксировки тележек до 2 тонн
Сортер-Лента X1,ЛогиСорт,LS-X1,сортировщик,конвейерная сортировка,"склад;аэропорт",30,2.5,24,8900000,350000,12000x1200x1500,4200,фиксированный маршрут,"фотодатчики","EtherNet/IP",CE,Высокопроизводительный сортер для посылок
Пикинг-рука PR-7,МехаАрма,PR-7,манипулятор,пикинг,"склад",7,1.0,16,6700000,270000,база 800 мм,180,зрение 3D,"3D-камера,силомоментный","ROS2,REST",ISO 10218,Коллаборативный манипулятор для штучного отбора
Пикинг-рука PR-12,МехаАрма,PR-12,манипулятор,пикинг,"склад",12,0.8,16,7900000,310000,база 900 мм,210,зрение 3D,"3D-камера","ROS2,OPC UA",ISO 10218,Манипулятор повышенной грузоподъёмности
Багажный AMR AERO-1,АэроБот,AERO-1,AMR,багажная логистика,"аэропорт",150,1.4,9,4100000,165000,1100x750x450,260,SLAM,"лидар,RFID","REST,MQTT",EASA/ТР ТС,Транспортировка багажа между зонами терминала
Багажный AMR AERO-2,АэроБот,AERO-2,AMR,багажная логистика,"аэропорт",250,1.3,10,4800000,190000,1300x800x480,310,SLAM+метки,"лидар,RFID","REST",ТР ТС,Усиленная платформа для крупногабаритного багажа
Клининг-бот CLEAN-90,ЧистоТех,CT-90,сервисный,уборка,"аэропорт;медицинское учреждение",40,0.9,6,2100000,85000,700x700x450,95,SLAM,"ультразвук,камера","Wi-Fi API",IP54,Автономная влажная и сухая уборка
Навигатор PASS-Guide,ИнфоРобот,PG-1,сервисный,сопровождение пассажиров,"аэропорт",5,1.1,8,1900000,75000,500x500x1400,70,SLAM,"камера,микрофон","REST",ТР ТС,Робот-гид для навигации пассажиров
МедЛогистик ML-100,МедРобот,ML-100,AMR,внутрибольничная доставка,"медицинское учреждение",100,1.0,12,3600000,145000,900x650x1200,190,SLAM,"лидар,УФ-датчик","REST,HL7",ISO 13485,Доставка медикаментов и расходников
МедЛогистик ML-200,МедРобот,ML-200,AMR,внутрибольничная доставка,"медицинское учреждение",200,0.9,11,4200000,170000,1000x700x1300,230,SLAM,"лидар","REST,HL7",ISO 13485,Платформа для белья и питания
Дезинфектор UV-Pro,МедРобот,UV-Pro,сервисный,дезинфекция,"медицинское учреждение",20,0.7,5,2800000,110000,600x600x1100,85,SLAM,"ультрафиолет,камера","REST",IEC 62471,Автономная УФ-дезинфекция помещений
ПаллетМастер PM-1,СкладТех,PM-1,AMR,паллетный транспорт,"склад",1000,1.2,9,6200000,250000,1400x1000x400,450,SLAM,"лидар,2D-сканер","REST,MQTT",ТР ТС,Перемещение паллет между зонами
ПаллетМастер PM-2,СкладТех,PM-2,AMR,паллетный транспорт,"склад",1500,1.0,8,7400000,295000,1500x1100x420,520,SLAM,"лидар","REST",ТР ТС,Тяжёлая паллетная платформа
Шаттл-стеллаж SH-40,ХайРайз,SH-40,шаттл,складская автоматизация,"склад",40,2.0,18,2500000,100000,800x600x300,85,рельсовый,"энкодеры","Modbus",CE,Шаттл для многоуровневых стеллажей
Шаттл-стеллаж SH-80,ХайРайз,SH-80,шаттл,складская автоматизация,"склад",80,1.7,16,3100000,125000,900x650x320,110,рельсовый,"энкодеры","EtherCAT",CE,Шаттл повышенной грузоподъёмности
Кобот сборки CB-5,МехаАрма,CB-5,кобот,сборка/упаковка,"склад",5,1.2,20,3900000,155000,радиус 850 мм,25,зрение,"камера,FT-сенсор","ROS2",ISO/TS 15066,Коллаборативный робот для упаковки
Инспектор VIS-Scan,ВижнЛаб,VS-1,инспекция,контроль качества,"склад;медицинское учреждение",2,0.6,10,2700000,105000,400x400x600,35,фиксированная позиция,"RGB/IR камеры","GigE Vision",CE,Система машинного зрения для ОТК
Мультикарго MC-600,ТехноКарго,MC-600,AMR,универсальная логистика,"склад;аэропорт;медицинское учреждение",600,1.4,10,5500000,220000,1300x900x450,380,SLAM,"лидар,ультразвук","REST,MQTT,OPC UA",ТР ТС,Универсальная платформа для смешанных сценариев
Холодильный AMR Cold-200,Криотранс,CD-200,AMR,холодильная логистика,"склад;медицинское учреждение",200,1.0,7,4900000,195000,1200x800x1400,360,SLAM,"лидар,темп. датчик","REST",IP65,Транспортировка в температурном режиме
Лифтовой шаттл EL-Lift,ВертикальТех,EL-1,шаттл,вертикальная логистика,"медицинское учреждение;аэропорт",150,0.8,14,6800000,270000,1000x900x2200,800,рельс/лифт,"энкодеры,лидар","Modbus",ТР ТС,Интеграция с лифтовыми шахтами
Робот-погрузчик FL-3,СкладТех,FL-3,вилочный,погрузка,"склад",3000,1.1,7,9200000,360000,2200x1200x2200,2100,SLAM+метки,"лидар,камера","REST,CAN",ТР ТС,Автономный вилочный погрузчик
Сортировочный бот SortMini,ЛогиСорт,SM-1,AMR,микросортировка,"склад;аэропорт",15,2.2,9,2400000,95000,600x500x300,55,QR-навигация,"камера","REST",CE,Рой микросортеров для мелких отправлений
Сервисный бот Lobby-Aid,ИнфоРобот,LA-2,сервисный,ресепшн/инфо,"аэропорт;медицинское учреждение",10,0.9,10,1750000,70000,500x500x1300,65,SLAM,"камера,микрофон,динамик","REST",ТР ТС,Информационный робот для холлов и ресепшн
Комплектовщик PickCart-8,РоботиксПром,PC-8,AMR,goods-to-person,"склад",80,1.6,11,3600000,140000,1000x700x1400,210,SLAM,"лидар,сканер ШК","REST,MQTT",ТР ТС,Тележка goods-to-person на 8 отсеков
Комплектовщик PickCart-16,РоботиксПром,PC-16,AMR,goods-to-person,"склад",120,1.4,10,4300000,170000,1200x800x1600,260,SLAM,"лидар,сканер ШК","REST",ТР ТС,Тележка goods-to-person на 16 отсеков
