Параметр,Значение,Ед. изм.,Подсказка
Ширина площадки,40,м,Габарит зоны по ширине
Длина площадки,60,м,Габарит зоны по длине
Ширина проходов,2500,мм,Минимальная ширина прохода для робота
Требуемая грузоподъёмность,500,кг,Максимальная масса груза
Пиковый спрос,120,оп/ч,Пиковая нагрузка операций в час
Число рабочих зон,4,—,Количество зон обслуживания
Зарядных станций,2,—,Число точек зарядки
Стоимость персонала в год,4800000,₽/год,Текущие затраты на ручной труд
Температура мин.,5,°C,Нижняя граница
Температура макс.,25,°C,Верхняя граница
Тип хранения,паллеты,—,"паллеты / стеллажи / смешанный"
